PROTEIN,LIGAND,ITERATION,AFFINITY,COMPATABILITY SCORE (MAX=9),WHITELIST,120,124,170,173,292,296,457,458,459,BLACKLIST,268,302
1zum,ZINC000001111900,1,-6.824,3,,5.286092413115757,7.9383234376031755,10.44925150429446,11.115894970716482,3.3288389867940498,4.848160372759961,3.5113617016764294,3.867955532319373,5.223298766105574,,19.962811074595677,13.608810014104826
1zum,ZINC000006328824,1,-6.552,1,,5.267796503282948,9.739199351076039,10.613462818514986,12.780480350910134,3.4358330867491196,5.450175134800718,7.50798901171279,8.117657913462482,9.491816580613008,,22.93416399173949,15.374763120126431
1zum,ZINC000914479653,1,-6.64,6,,3.579470491567153,3.8857067568204364,6.3770341852619845,6.791245025766635,3.563827436899836,3.455958767115141,3.560324282983225,4.342712746659628,2.783837638943766,,17.259911645196794,10.971922620944788
1zum,ZINC000060353517,1,-7.548,3,,5.84889630614187,7.4308375032697285,8.513770551289245,10.774591593188113,3.4673332692430976,3.592613115825295,3.677126595590639,4.056176648027058,5.409793803833933,,20.10837822898704,13.084278734420169
1zum,ZINC000055316918,1,-8.447,9,,3.889857195322204,3.563793063577068,3.5339616579697104,3.1366152138890127,3.4301418338022156,3.4572046511596617,2.7529762076705215,3.688274528827814,3.3562184076725323,,9.828047771556667,4.432595740646781
1zum,ZINC000000036560,1,-6.964,2,,5.797478503625514,6.735438441556714,9.82799297924047,10.083580564462212,3.442365901527616,5.104516529506006,3.5047286628211336,4.08277822077076,4.938587449868632,,19.753468100564007,13.442833853023695
1zum,ZINC001348077962,1,-6.794,5,,4.688258311996044,3.230759198702369,8.591046152826795,4.331848912416032,3.88697993305857,5.632515778939293,3.29990090760314,3.651047247023793,2.227186790549901,,13.790384004805665,11.502345413001645
1zum,ZINC000501506744,1,-7.2,2,,5.909950507406978,8.28840744654846,8.096445825175394,11.530250647752634,3.0140479425516706,3.5011056824951745,5.015213455078462,5.66510026389649,6.827760028003332,,20.81137806585619,12.931805442396664
1zum,ZINC000501506743,1,-7.284,2,,5.139510093384388,5.221155619209219,8.839148149001693,8.65087660298077,3.5530029552478597,4.264286458482826,3.722017463688212,4.420581975260722,4.6814571449496345,,19.05890051918001,12.900708934008238
1zum,ZINC000499529609,1,-6.74,2,,3.619742117886294,5.584063842758243,7.601534121478369,8.612512467334952,3.4974888134202824,4.038331710001046,5.14810761348284,6.4348546215124385,6.8109674055893095,,19.579071581665968,12.574309921423117
1zum,ZINC000136068812,1,-7.19,4,,5.6167373091502055,6.396049171168085,9.842284389307189,9.872982376161724,3.235129981932726,3.761132409261868,3.5423558545126435,3.9526413953203567,5.125909090102946,,19.983793183477452,13.221778284330739
1zum,ZINC000761885233,1,-7.143,3,,5.544065385617305,6.097259220338262,9.787585197585761,9.63202315196553,3.2151444757584406,5.149740770174753,3.3370293675663114,3.9500260758632986,4.683495275966445,,19.72876493853581,13.600265659170041
1zum,ZINC000137508415,1,-7.336,3,,5.454248802539171,6.5148699910282115,9.699116351503372,10.0207086076784,3.154388054758011,3.622264070992064,3.835689507767804,4.244147146365225,5.394937163674851,,20.244290676632755,13.065062839496793
1zum,ZINC001141264795,1,-7.466,8,,3.800320249663174,3.43156713470682,3.5565837541101066,3.3443002257572503,4.523975795691218,3.381999112950797,3.286270074111376,3.7238218271018315,3.198978274386988,,10.818808483377454,5.027304844546424
1zum,ZINC001148723157,1,-7.587,2,,7.131126839427273,10.51442903823122,8.571743054945129,12.796357958419263,3.4489178012820165,3.8227972742482703,6.4796495275593395,6.531974663147431,8.670013783149365,,21.201828623965437,13.271727845310876
1zum,ZINC000428001433,1,-7.097,2,,5.621162691116485,5.241229245129423,9.314988459466813,8.753043927685956,3.57289042653144,4.44656148051503,3.5300541072340534,4.119753512044139,4.052350552457182,,18.94171135351819,13.107780170570448
1zum,ZINC000192031364,1,-6.515,2,,5.308857221662677,5.997846947030241,8.923087021877576,9.256563401176491,2.82782884913497,4.9814557109343065,3.8543100549903864,4.428694728698285,5.241135468579303,,19.3920737673927,12.871164710312739
1zum,ZINC000000049508,1,-7.149,3,,6.631917746775816,7.702371453000686,9.932317000579475,10.868110875400562,3.5149682786619825,4.493167368349414,3.1129192087171162,3.4726458212723124,4.6963308018068775,,19.588487256549442,13.444976943081747
1zum,ZINC000002870212,1,-6.852,3,,6.362848104426192,7.091194821749007,10.605629118538888,10.574517010246854,3.450246512932082,5.307980689490123,3.7577054168734447,3.9187205820267454,4.468117388789158,,19.97984536977201,14.14835813796075
1zum,ZINC000008181216,1,-7.284,3,,3.886809617153895,6.156847326351367,8.311914159806992,9.199898097261734,3.42477327716741,4.3580764105279295,3.5222580825373977,4.267462360701038,5.341485654759364,,19.589590450032386,12.657322386666145
1zum,ZINC000171251205,1,-7.036,2,,5.908680394132013,7.487532370547722,8.529707849627682,10.87205495755058,2.8120128022468207,3.3430939262904307,5.27357819701197,6.256754030645609,6.699187861226166,,20.937933732820916,12.866873046704079
1zum,ZINC001471730032,1,-7.781,3,,3.88865902336525,4.947384056246289,8.430911813084041,8.515138225536921,3.1994608920879157,3.508319398230446,4.027679853215747,4.781888120815886,4.641056560741312,,19.2753550940054,13.07410256958389
1zum,ZINC000761713142,1,-6.956,4,,5.74146018012839,6.089247654677873,9.522884594491316,9.580843647612673,3.378226309766709,3.5751285291580785,3.1865016868032603,3.5735357840659807,4.574229333997151,,19.583989328019968,13.01499312331743
1zum,ZINC000761706793,1,-7.12,4,,5.866703418445491,6.416176275633325,9.38137735090109,9.909527334842972,3.06951022151743,3.6292679702661834,3.4822277352292765,3.549380368458695,4.744038469489896,,19.82680798817601,13.050967397093597
1zum,ZINC000761753074,1,-6.925,3,,5.475477056841712,5.895141219682526,9.548652994009156,9.393030820773458,3.370491507184086,5.318496498071618,3.1034118321615,3.968454611054544,4.530619162984239,,19.48808748954088,13.350011011231405
1zum,ZINC001438145586,1,-7.111,4,,5.5737546591144405,6.951822926398512,9.347462810838033,10.285547822065682,3.607184359025747,3.8447523977494322,3.0519747705379214,3.2407201360191547,4.660588482155445,,19.530891659112747,13.416074164970917
1zum,ZINC000428203505,1,-7.287,2,,6.477604572679624,9.019245755605061,8.118927269042382,12.181473391999836,3.2900074468000744,3.473946027214583,5.361753537789668,5.399555722464588,7.470351665082445,,20.915755353321572,13.04491973911683
1zum,ZINC001329533825,1,-7.402,2,,6.138123247377813,8.653777498872957,8.532750670211804,11.87328568678443,3.191324489925779,3.4572690089144094,4.853562609053272,4.681239258999695,6.856226950736095,,21.078736228721112,13.242941742679381
1zum,ZINC000428204897,1,-7.387,3,,7.066453495212425,3.1181670898141425,8.802484762838276,3.709220672863768,11.103827538286069,9.64044428436781,7.173099399841049,6.354397375046671,3.2294392702139407,,13.231607234194943,10.536345144308822
1zum,ZINC000511040060,1,-7.302,2,,6.228258263752394,8.469136024412403,8.157930497374934,11.692561267746258,2.625525090339067,3.351055057739279,4.784296186483442,5.2569408404508495,6.7428662303207565,,20.98967434239988,13.045529425822473
1zum,ZINC000509325062,1,-7.832,2,,6.158794118981413,8.718164600419053,8.450329816048606,11.928492193064471,2.9622062723585003,3.322188736360415,4.983234090427622,4.811114319988669,7.017717221433189,,20.897430129085254,12.796964210311758
1zum,ZINC000001059501,1,-7.751,7,,4.330190873391144,3.1573766009141195,3.3495136960460528,3.4584091718592234,3.70234263676392,3.1972051857833605,3.5271234738806703,4.607368120738781,2.899535652479546,,10.204848749491587,4.936042949570031
1zum,ZINC000002773312,1,-7.278,3,,6.19861613588065,8.04601354709274,8.61238700941847,11.232508179387183,3.3131826089124696,3.232703821880371,3.701817931773522,4.035675036471599,5.441700193873236,,20.13596670140274,12.682446964210019
1zum,ZINC000078976632,1,-6.746,4,,3.319970632400232,7.7260666577502395,8.666609025449343,10.784691279772451,3.3906189700407277,3.5691367303593156,3.915628940540717,4.542183946077049,5.686615953271335,,20.26344869463241,13.00934329626211
1zum,ZINC000125944865,1,-7.127,2,,6.320922796554314,8.572371258875803,8.33360870211699,11.792581778389328,3.4845108695482656,3.6413088306266954,4.721502515089874,4.700730475149585,6.781537362574952,,20.834504793731,12.89284890937608
1zum,ZINC001463740857,1,-6.87,2,,4.217657525214677,5.937610377921406,9.582446347358278,9.382549387026964,2.4244811816139156,4.435301680832994,3.568134106224151,4.709397626023949,4.4953133372435845,,19.374915586912888,13.299510517308518
1zum,ZINC000524330756,1,-7.616,4,,5.429750915097303,6.622462834927798,8.507318320128851,10.094797670087301,2.9604278407014024,3.3237402124714874,3.179897325386464,3.5330137276834974,4.870380477950363,,19.65463589080194,12.858940936173553
1zum,ZINC000599468140,1,-7.35,4,,6.018010053165413,7.15664593227861,9.359577661411864,10.515546728534854,2.8693006116473763,3.6536833469801384,3.5918436769993245,3.9088072349503284,5.043020325162297,,20.028858729343515,13.440170423026633
1zum,ZINC000742723497,1,-7.026,2,,7.404326708080895,10.139839693012899,9.5103510976199,13.144434601762073,2.633837694316042,4.017106670229208,5.22239303384952,3.7728273217840274,7.135827772585323,,21.359164449949812,13.521097736500538
1zum,ZINC000506130289,1,-7.083,2,,5.720081205717275,8.821828495272392,8.31716141480974,11.964815752864732,2.8467549947264503,3.17075606125731,5.264920702156871,4.871225821084469,7.336694282849739,,20.703631323997246,12.648806939786846
1zum,ZINC001436620883,1,-7.262,2,,4.336925408627641,5.527444979373381,9.407969281412436,9.049065697628684,3.528776700217795,4.3905815104607715,3.8263269593697844,4.423748862672927,4.535968364087212,,19.33628250207366,13.323732397492828
1zum,ZINC001436620881,1,-7.13,3,,3.6693314104888386,4.563099933159473,8.087192405278854,7.893739861434507,3.4280059801581446,4.359584613240122,3.4471639067500135,4.7421128202521805,4.651264344240179,,18.48859837846017,12.322712769516293
1zum,ZINC000551013010,1,-7.333,3,,5.376393400784574,5.384720791275991,9.313582232417337,8.946496409209585,3.556184612755648,4.415862543150543,3.0199341052413704,3.505627618558487,4.731399264488256,,19.442763821020915,13.29435538113826
1zum,ZINC000505271548,1,-7.149,2,,4.650656512794726,6.8477364143196935,9.444063426301199,10.151265241338146,3.534888117041331,4.331992613105429,3.3709461579799833,4.489817925038838,4.753629034748088,,19.611368667178734,13.36659010368762
1zum,ZINC000794318638,1,-7.175,3,,5.281368572633423,8.226495791040069,8.364769512664413,11.419595658340977,2.505072254446963,3.2709330473123353,3.9557893017702543,4.226367944228231,5.7292184458266195,,20.367964012144167,12.678511900061453
1zum,ZINC000002616744,1,-7.818,6,,4.5842727885674375,3.637002749517785,8.139065118304428,7.165337186762389,3.3400791906779737,3.5923220902363435,3.3330588053618313,3.600308597884354,2.694948236979701,,17.526952730009857,12.314085999374855
1zum,ZINC000002852342,1,-8.211,6,,4.307455049098013,3.2118656572154416,4.27586014738555,4.85536301423488,3.3487996356903738,3.440836090254809,3.282611612725458,3.969612197683801,3.196224335055353,,14.548440088201895,8.205979466218515
1zum,ZINC000355522571,1,-7.473,2,,6.150756457542438,3.255773640780328,9.594658409761132,4.278209204795856,10.260918087578712,9.67935994784779,6.8732677090304,6.314612022919538,3.311384000686115,,13.497907022942485,11.353255964700171
1zum,ZINC000762218574,1,-7.725,4,,5.715797932047628,6.228013728308568,9.62881425721776,9.664490519422122,3.4395711942043072,3.6162116918122993,3.2002820188227155,3.804389832811569,4.840512369574115,,19.650454803897027,13.088764074579382
1zum,ZINC001149643090,1,-8.202,4,,5.7134961275912355,6.286629939800807,9.765357392333375,9.796404748682038,3.3496054991595634,3.675462691961381,3.4058377823965755,3.7339697374242373,4.88312502399847,,19.85986998950396,13.15807637916728
1zum,ZINC000194595877,1,-7.158,2,,4.9121127837214775,7.960042399384563,9.34842173845404,11.10452056596772,3.2638181628270932,3.6040894827958994,5.759168429556471,6.215229681998897,7.606335254246945,,21.137731595419602,13.031730890407461
1zum,ZINC000003371099,1,-7.247,4,,3.663007643999664,5.173990626199469,6.936237092256867,7.958679852839919,3.5545268320832744,3.6358213652488516,3.465475147797194,4.193424972501592,4.755639704603369,,18.454632291107835,11.512414255923904
1zum,ZINC000001129938,1,-6.851,4,,5.384010215443497,6.301527671922099,9.205335463740576,9.630036604291805,3.378129956055574,4.435263239087396,3.510663897327684,3.388887132968575,3.662957411709833,,19.608237172168227,13.38191847232675
1zum,ZINC000590019978,1,-7.845,4,,5.268241167600426,6.910230242184403,9.406980014861308,10.343285648187424,2.8327537838647316,3.671962009607401,3.21444069785087,3.79632085050777,4.914442593010932,,19.667671087345337,13.328584846111758
1zum,ZINC000021558082,1,-6.74,1,,5.461185310900918,7.889331340487605,9.5607208933218,11.128836641805828,2.329216177172049,4.104664663526121,4.12850069637877,4.535663347295519,5.9800076086908085,,20.407093595120298,13.704467921083252
1zum,ZINC001133290641,1,-7.88,4,,5.870168225868823,6.013526336518367,8.527841110152087,9.467430749680725,3.3923462382251075,3.53505332350164,3.5279530892572843,3.3740125963013283,4.528170270650168,,19.4465757911258,13.17516060623171
1zum,ZINC000683187831,1,-7.657,2,,5.855765876467394,9.293341756332861,7.509115194215628,11.476766138594963,3.3600550590726916,2.9848113843256403,7.177314609239303,11.634232978585228,11.333745365059155,,20.210956385089748,12.230882347565935
1zum,ZINC000504748784,1,-7.246,2,,3.51745604094778,6.945909371709359,9.451896846665225,10.237439181748528,3.4987770720638953,4.385873117179747,4.037842617041928,4.442043448684407,5.8342819609614365,,20.270035372440766,13.592830168879468
1zum,ZINC001460353419,1,-7.195,4,,6.376574864298232,8.063538305235484,9.1380602974592,11.296200157575116,3.417845666498123,3.4554635000242704,3.5711323134266557,3.433414772496907,5.05839688043554,,20.05007972552728,12.937359351892484
1zum,ZINC001455051762,1,-8.492,2,,4.562616573853211,7.485160452522039,8.578544515242667,10.773046040930115,3.3880121015132203,3.3383507904353005,5.2303965432842645,5.104377435104112,7.123169308671526,,20.939850859067743,12.929722541493302
1zum,ZINC000497414021,1,-6.734,3,,3.697063699748753,6.541295666762046,9.124898958344685,9.812349922419193,3.5216408107585258,3.9857829845589943,4.479892074592873,4.520480284217597,6.0933435813188845,,20.54327563948846,13.830851094563917
1zum,ZINC000003049307,1,-7.489,6,,3.663530947050938,3.4929957056944656,5.424015486703567,6.228721698711545,3.4933355120858276,3.418107809885466,3.4245141261206644,4.73956400948442,3.6049341186767836,,15.344441892750615,8.773628724763775
1zum,ZINC000029170295,1,-6.333,2,,5.537465304631714,6.5964546538273074,9.753596721210078,9.960557916100887,3.392729284808915,5.334733076734023,3.543724594265193,4.341712219850595,5.129267101643274,,19.82443565401043,13.39137666560089
1zum,ZINC000561769711,1,-7.283,2,,4.7065251513191715,6.897236983024427,9.027801836549141,10.252500768105309,3.1686391400725946,3.491286582336089,4.95741676682524,4.899223203733426,6.8450171657929415,,21.060073195504327,13.212562658318788
1zum,ZINC000808472342,1,-7.344,4,,4.717214856247277,6.194071439691338,8.953365121561836,9.573369469523255,2.9047345834000025,3.271115253243148,3.709874795730987,3.723153904957469,5.300974816012621,,20.059748054250335,13.171161679973407
1zum,ZINC000000031634,1,-7.318,3,,5.278170611111392,6.5927757431904155,9.733552588854696,10.051631608848385,3.4966110735968354,4.723529824188691,3.419214237218839,3.615219357106846,4.531246737929864,,19.80772245867757,13.843580100537581
1zum,ZINC000754599205,1,-7.396,8,,3.510238453438734,3.606255953201328,3.199748896397959,2.9606234140802195,3.5036012901013738,3.1833260907421934,2.976837415782059,4.692598214209275,3.2062591910199614,,10.27292081153165,4.49464136500344
1zum,ZINC000486830416,1,-7.209,3,,5.381241864105341,6.400736910700202,9.67760905389342,9.882379622337933,3.5464047992297743,4.3869191923262045,3.2546081177309243,3.522166520765311,4.594315074088849,,19.699734541358673,13.658923420240704
1zum,ZINC000497894868,1,-7.275,3,,6.549181399228456,7.5029904704724215,9.715999588307938,10.860487373962558,3.481285969293527,4.2923532007513066,3.5228127966157983,3.4902197638544203,4.579581967821958,,19.911801852167976,13.963007985387682
1zum,ZINC001129562758,1,-7.491,4,,4.42368014214409,7.270890179338423,9.240907368868061,10.584933348869042,2.206925916291712,3.6447843557609847,3.5353316676091366,3.7894861129182216,5.212156079781189,,19.99655902899296,13.67307752482958
1zum,ZINC000112584989,1,-7.945,9,,3.6854843643678525,3.3412095115392004,3.6297672101665115,3.3044583519844877,3.0765701682230513,3.44099258935558,2.9633766213561152,3.6886303691207667,3.2790892028122594,,10.686451656185973,5.008167928494409
1zum,ZINC001611053151,1,-7.114,5,,3.60221515181977,3.137053713279386,8.006422796730131,4.263513339958026,4.36872578677125,4.679753625993573,3.477594714741788,3.484204069798436,2.2212230864998586,,14.00014407068727,11.563810920280565
1zum,ZINC000012383740,1,-6.877,2,,6.077403146081389,6.217757393144248,9.654360724563796,9.635361383985556,3.2052907824408043,5.104485184619504,3.763113737319137,4.258240129443153,4.875831621374962,,19.637065208426637,13.397804223080733
1zum,ZINC000010959763,1,-7.109,3,,6.503086113531014,7.144159222749722,10.216144380342325,10.466955479030187,3.529411990686267,4.782936963833,3.2053095014366426,3.6638979243423275,4.299506715891952,,19.562913740033718,13.621890801206716
1zum,ZINC000813362974,1,-7.48,2,,6.35864851992937,8.725357127361605,7.936178110400501,11.901865189960777,3.457310370794034,3.470439741588951,4.977658987917914,5.068424804611387,7.083708915532877,,20.669930648166194,12.8070508705166
1zum,ZINC000078974042,1,-6.858,5,,3.5223891040031363,5.307245895942641,7.140204268786715,8.22479428314168,2.9962715164016864,3.4666111694275665,3.100659768500892,2.774438141317991,4.823586632372225,,18.829311883337635,11.9854107146981
1zum,ZINC000188870158,1,-7.111,6,,3.467578694132256,3.6839663407799965,5.601426782526039,6.09215577607796,2.761273981335425,3.335298787215323,3.3377534360704364,4.563513010828393,2.908609461581255,,15.601766598690034,9.186519743624348
1zum,ZINC000026182760,1,-7.47,3,,5.595547068875384,7.185483282285191,8.037849836865577,10.43917726643245,3.1968335896633753,3.108846892338058,3.981062797796593,4.658434715652895,5.920661111734066,,20.27304636703621,12.329308090886524
1zum,ZINC001356125624,1,-7.132,4,,3.6381693198640437,4.54882237507687,9.136178030226862,8.192623328336294,3.349659385668938,4.7263929163792575,3.4971185281600063,4.3024259435811425,3.870099998708045,,18.70087425763833,13.14840005475951
1zum,ZINC000003365473,1,-6.802,3,,6.491103527136197,7.183452164523683,10.074618454313793,10.53229780247407,3.534952474928055,4.658128164831875,3.3179718202540576,3.68044698372358,4.3638817582514795,,19.667157242468978,13.735498352808323
1zum,ZINC000032141004,1,-7.305,3,,6.657512298148611,7.939708369959186,9.878905455565413,11.166150679620982,3.4965664586848657,4.4558519948490245,3.4202241154637827,3.332027310812446,4.862041752186014,,19.89502073384192,13.804016951597816
1zum,ZINC000813362920,1,-7.295,2,,6.41240898570888,9.071906855782856,7.863821780788273,12.14194362530151,3.4936601151228266,3.522374909063487,5.473420594107494,5.541485901813708,7.630216248573829,,20.611511371076116,12.74853238612194
1zum,ZINC000136073730,1,-7.408,4,,5.527654565907668,5.983251373626214,9.049190350523082,9.469272252924194,3.372608634277034,3.318473444221006,3.1493742235561673,3.93065808739453,4.601697404219449,,19.551183109980837,12.973614800817852
1zum,ZINC000177904189,1,-6.786,3,,5.530662618529534,5.995823546436295,9.669019495274577,9.508934219984907,3.3935404815619914,5.264619834328026,3.1957729894346403,3.925963066560864,4.589217580372497,,19.590270187008652,13.461931213611217
1zum,ZINC000762208894,1,-7.7,4,,5.473315083201401,5.898298313920715,9.057525379484176,9.365398923697807,3.465540506183705,3.540286146627131,3.0504571788504116,3.968441759683518,4.568115804136318,,19.44840738980958,13.24383452780953
1zum,ZINC000136185409,1,-7.668,3,,5.443263267562937,6.144204260927527,9.16004443220665,9.739725252798463,3.161211951135204,3.5384960081933134,3.60218128361136,4.110391100613183,4.78336711950902,,19.944138311794767,13.1754262549642
1zum,ZINC000137194452,1,-7.424,3,,3.9470126678286626,4.952172149673313,8.585715869978458,8.458349543498427,3.3051621745384887,4.014621526370824,3.660418282109299,4.58110838116717,4.445450370884821,,18.993870300704906,12.935420557523432
1zum,ZINC000027680974,1,-7.469,2,,5.947954017979628,7.47619916802649,8.525012903216043,10.782623521202996,3.3593299927217646,3.4860294032035872,5.072769854822908,6.046590940356399,6.630535649553513,,20.86641792450252,12.868612590330006
1zum,ZINC000025132960,1,-6.862,3,,4.206392516159189,6.467665498462321,10.051358564890622,10.033051230807104,3.483025983250768,4.334086408921729,3.5181824853182384,3.49796426511192,4.292147364664918,,19.70135150186403,13.857621946062757
1zum,ZINC000342922251,1,-7.304,3,,5.470883932236179,5.739768723563692,9.299488319257142,9.21078981412561,3.529938384731374,4.356843008417907,3.0604581356391756,3.492119843304357,4.785071472820448,,19.535668992896046,13.322579517495848
1zum,ZINC001131027351,1,-7.27,6,,3.5574537242246684,4.982895844787447,8.762534678961336,8.65263202730823,3.367112412735878,3.6957437681744145,3.368331337621052,3.4562090503903264,3.298476163321486,,19.169761005291644,13.235895587379042
1zum,ZINC000762166797,1,-7.366,4,,5.47775191114018,5.889981663808471,9.154654663066214,9.387889539188247,3.5195276671735316,3.4146264803049835,3.081257373216332,3.9845840435357966,4.514170355668915,,19.461531388870707,13.12271500109638
1zum,ZINC001360477645,1,-7.955,1,,6.105628714555116,8.254503134653225,8.82948022252726,11.521806455586729,3.043794342592815,4.029779646581191,5.065929332314062,5.739967334401828,6.794750988814822,,21.19086697141011,13.508070994779382
1zum,ZINC001191974759,1,-7.415,4,,4.062129613884812,5.134407171232138,6.971459890152135,7.854240829004422,3.4908539069975397,3.82447525812366,3.090910868983448,3.637862696694307,4.451062906767326,,18.213550669762338,11.365654314644624
1zum,ZINC000115968721,1,-7.637,3,,5.798891704455261,6.92180308879124,9.136653490200889,10.238601173988565,2.97565421378224,3.636609547366893,3.653433727331044,4.2771319829998315,5.083380273007324,,19.836221036276037,13.310132155617389
1zum,ZINC000347959508,1,-6.719,4,,5.7555629611707,5.955259692070527,8.599316600753808,9.27986659386869,3.36780789238341,3.5354685686624356,3.563726701081329,3.427102128621212,4.808611545966256,,19.28530826821288,12.964334498924348
1zum,ZINC000784204440,1,-8.02,3,,5.552958490750668,6.443730829263426,8.854454472185175,9.821819434300348,3.3656604106772257,3.508311417192035,3.3645440998744545,4.199187540465424,4.977833866251468,,19.7091406712723,13.246879708067102
1zum,ZINC000184584456,1,-7.696,3,,4.862567737317389,5.995047706232196,8.483058469679436,9.404055454961968,3.3148613847339123,3.843749861788615,3.5531189116042814,4.724986349186638,5.086171153235012,,19.61037442273859,13.15784978634427
1zum,ZINC000525712886,1,-7.56,2,,6.477086459203703,8.888368579216317,7.993474463585909,12.097704327681347,3.4629958128764744,3.638847894595203,5.11785052536707,5.094854757498006,7.186058516321726,,20.61052318598439,12.724064169910493
1zum,ZINC000527706052,1,-7.435,2,,5.733757406797052,8.799933749750615,8.932658842696279,11.985984648747053,3.3986785667373676,3.329122106501953,4.993417667289608,4.825716941553869,6.890570731078815,,21.12925422252286,13.076133105777103
1zum,ZINC000022595795,1,-7.233,3,,4.959999294354782,6.06370653973293,8.868380348180835,9.442112952088635,3.3405275032545396,3.555647057850373,3.6372112943847563,4.044582302290318,5.196267699031682,,19.64545173825229,13.249828678137686
1zum,ZINC000651022453,1,-6.892,3,,5.120661871281875,6.3346527134484605,8.172131484502685,9.809989245661791,2.7153121367533406,3.461212793227252,3.7265592709629614,4.828410193842278,5.238694207529202,,19.937974696543275,12.990725383903701
1zum,ZINC001128762596,1,-6.95,4,,5.633308175486223,5.817792364806428,7.887804574151163,9.147016016166148,3.522044150773803,3.5687772415772883,3.5684991242818063,3.409946627148293,4.770651213408923,,19.2097889889504,12.64179188248248
1zum,ZINC000757943387,1,-7.168,6,,3.641729534163678,3.5012337825400874,5.6339550938927365,5.786398534494488,3.5835019185149033,3.53264107998534,3.6693018409501343,4.852190227103633,3.207178978479372,,15.636322425685648,9.413527765933443
1zum,ZINC000604050223,1,-6.135,2,,6.4214174447702765,9.723796018016825,8.665735167889682,12.805789120550127,3.447054539748399,3.635930417375997,6.724820518051022,7.237055893110136,8.726361555654224,,21.082330658634497,13.093888994488994
1zum,ZINC000428192837,1,-7.198,2,,6.3724442720199646,8.457173227503377,7.996492606136773,11.682191275612636,2.52123045356825,3.565467430786598,4.671143007872916,4.9253259790596635,6.693319505297805,,20.714950012008238,12.835946595401525
1zum,ZINC000021522194,1,-7.102,4,,3.643575441787904,4.491755336168698,8.022700667480988,7.900957157205702,3.447352752475441,3.2694404720074077,4.614319884880114,3.4657675917464523,4.907173218870514,,19.131971017122098,12.563441487108534
1zum,ZINC000065749088,1,-7.696,6,,3.559473837521492,3.5177754334237963,6.754416036934646,7.242339262972979,3.505310970513173,3.8884640926720615,3.4421804136331984,5.212992039126859,3.2425619500635583,,17.463206721561765,10.688288310108401
1zum,ZINC001352708385,1,-7.64,1,,5.114981133885051,7.024285016996392,9.594857685239525,10.296229698292482,3.3830675429260912,4.325498121604033,4.332260033746824,5.28502052976145,6.146955994636697,,20.48555710738666,13.683148796969208
1zum,ZINC000055111175,1,-6.866,5,,3.7383636794726094,3.383084539292503,7.293861734362669,4.235974268099373,4.192950512467328,4.215425126840715,3.254936865747169,3.5205410095608847,2.1194690372826774,,13.431655072998264,11.16948450019069
1zum,ZINC000014180162,1,-6.584,2,,4.9692943160975975,4.363552910186829,8.714551623577655,7.935960937403864,3.1827062384078117,4.853166595121166,3.434895486037384,4.517246285072353,4.1002723080302905,,18.551701027129564,12.814714862219915
1zum,ZINC000150058428,1,-7.431,2,,4.547327676778972,8.44850099130017,8.030811166999259,11.677887266111114,3.2743716954554762,3.4584218944483935,4.990436253475245,4.659604382348359,7.021527113100116,,20.724594519555744,12.843867758584247
1zum,ZINC000544510007,1,-7.557,2,,4.869046518570139,8.73954970235881,8.35315730727011,11.901175446148168,2.8529630211413477,3.348179953347789,4.88146750475715,4.896074550086022,6.910831932553417,,21.124773442572113,13.065782410556208
1zum,ZINC000644647036,1,-7.316,4,,3.2437376589360514,3.919253500349266,7.6090707711257295,7.307857004621805,3.4695597703455086,3.8659046806666075,4.074647714833766,5.492179439894518,5.067018156667691,,18.701301157940854,12.540257134524788
1zum,ZINC000428119313,1,-6.39,2,,6.041896473790326,6.662592438383122,9.772311139131828,10.100775316776433,3.517952387398102,4.3444618769187064,3.4161156303614835,4.034479024607769,4.216483250292836,,19.57903994071211,13.731251800181955
1zum,ZINC001157192501,1,-7.412,4,,3.9027623550505792,6.109743775314961,9.55935275005583,9.628898742846971,2.8162210495626896,5.2572492807551,3.2205022900162654,3.6777180424823253,4.267264932014418,,19.465168994899578,13.506807690938663
1zum,ZINC000121971792,1,-7.488,6,,3.084283060939769,3.484274960447296,5.396041326750566,6.043669249719083,3.412457911828368,3.2588847785707333,3.156632857967489,5.172307608795132,3.7334892526964616,,16.351647592826843,9.475288755494468
1zum,ZINC001198239818,1,-7.609,2,,6.443968420158496,9.194173698598476,8.863162640953849,12.371099304427238,3.452740071305693,3.9032609443899604,5.9214541288436955,6.325731736329015,7.949272042143235,,21.54243788432498,13.5093449508109
1zum,ZINC000136068979,1,-7.51,3,,6.037581800688086,8.403268768758974,9.21951940179096,11.695619949365666,3.4087092865188797,3.6069918214489967,4.391808055915015,3.90051906802159,6.004300542111464,,20.819279166195933,13.33252537968707
1zum,ZINC000015977042,1,-7.864,3,,5.547310519522048,6.6212943598665,8.432173681797597,9.919112913965643,3.5353626405221927,3.1219772580850105,3.5285597628494316,4.382883639796988,5.125320087565259,,19.690165006926676,12.462251682581284
1zum,ZINC000814421435,1,-7.823,2,,7.141201929647421,3.907272578154744,10.978222488180869,6.643344714825509,11.635119509485074,10.789877385772282,7.938198914111439,6.631577187969693,3.37372109102101,,16.860633262128676,13.89299197437327
1zum,ZINC001130270151,1,-7.654,3,,6.299246383496998,9.988813743383146,8.361279447548682,12.278700827041922,3.591438987369828,3.3052724547304693,5.637821299048067,3.615117702094918,7.349718770129918,,21.13119774172775,13.21097259856366
1zum,ZINC000513723279,1,-7.265,4,,3.6276032032183476,5.1362443477700666,7.054420316369017,7.951246820467844,3.5131639585991405,3.7976458497337586,3.4272947057409584,5.472152592901633,5.018337772609574,,18.502776467330516,11.628359342572791
1zum,ZINC000513723281,1,-6.955,3,,6.038544278218051,6.909722063874925,9.704280756449702,10.33165378823739,3.4323882356167132,4.268184274372415,3.980942727545828,3.531131263490504,4.9866668226381465,,20.151691194537495,13.813201258216717
1zum,ZINC000055111432,1,-5.725,2,,7.05606214541794,10.335529304297872,7.98378506724724,12.325833764902072,3.354279356285049,3.507408444991828,7.5776834190931925,12.110519146593182,11.805328161470133,,20.64820413498472,12.769098127902376
1zum,ZINC000429845814,1,-6.838,1,,6.8692259389249966,10.095217184389838,9.952583031555179,13.162746825795898,3.5748779000127997,4.4880945845648155,5.609240233757151,4.903766409608035,7.699454850831973,,21.76311216255616,14.41463055371174
1zum,ZINC001130067018,1,-7.66,2,,5.550370888508256,6.467050641521213,8.784453540203856,10.048962234977301,3.5524526738578768,3.8993671281375915,4.101493020840097,4.330865271513306,5.8036721134123415,,20.50362441130836,13.412715869651457
1zum,ZINC000019172373,1,-6.731,3,,3.643014960166918,7.418308028115304,8.049161136416643,10.54981393200847,3.467496070653863,3.373908267869771,5.837564731975146,7.534307731968487,7.467076067645225,,20.638771402387306,12.710757569869704
1zum,ZINC000303018398,1,-7.004,7,,3.6387320593855184,3.6864076009036184,6.933410344123592,4.789809808332683,3.408967585648189,3.7695178736809347,3.6614901338116486,3.6694569080451136,2.052530876747041,,15.221870515807183,11.600800834425181
1zum,ZINC000500133491,1,-7.191,8,,3.478286359689203,3.5586234698265,3.5151549041258385,2.9394152479702544,3.5216760214420604,2.306541350160453,3.172056903650999,5.1032107540253495,2.861765364246343,,9.448060435877835,4.020743463589793
1zum,ZINC000107656771,1,-6.732,1,,5.832574302998634,7.062482991129958,9.635137051438349,10.312476036335797,3.4671710370271627,4.151558502538539,4.452603957236706,5.930748772288365,6.063880853051118,,20.285375939331267,13.518188968941066
1zum,ZINC000428004470,1,-6.776,2,,5.54251829045245,7.011234199482995,9.796166035750923,10.317660636016289,3.5142097262400296,4.964105357463723,3.908864413100048,4.6907813848014674,5.747716068143935,,20.20964932897154,13.572063881370434
1zum,ZINC000490665460,1,-6.868,2,,6.262618142598182,8.016927279201173,8.532415425892015,11.325968965170265,3.486508998984515,3.4233265985003554,4.524475770738531,4.508909956962992,6.144699992676619,,20.739739173866198,12.724561996391076
1zum,ZINC001150738246,1,-7.623,4,,5.997312231324963,5.545270146710607,9.910024117024141,9.073796394012813,3.4821328234287634,4.477180139328777,3.29594129195288,3.5757581014380713,3.3236982414172336,,18.851682524379616,13.325864362209307
1zum,ZINC000089585290,1,-7.672,3,,3.423512961856577,4.1855364052890485,7.458340096831196,7.7085083511662615,3.476029200107497,4.448143320532743,3.947741886192668,4.268289704319527,4.7307054442228775,,18.780141160278855,12.29157085160395
1zum,ZINC000814130190,1,-6.922,2,,3.9942975602726345,5.356679848562907,8.40539832488621,8.689789468105655,3.4016942837356785,4.056486780454239,4.476781098065885,5.678689373438203,6.171649860450608,,19.7961931188802,13.226864405443939
1zum,ZINC000814130192,1,-7.011,2,,4.397084147477732,4.616255950442953,7.84325755027846,7.833463154952608,3.512106632777546,4.766996328926636,3.344345227395045,4.7854406275702575,4.7722411925635075,,18.370672116174738,12.084907033155034
1zum,ZINC001460789584,1,-7.133,7,,3.7075665873993406,3.3108859841438143,7.316935834076994,4.315945666942526,3.684120519201303,3.817140814798429,3.494053376810376,3.3980822532716974,2.1425526831329016,,13.308244174195176,11.943292385267984
1zum,ZINC000428124355,1,-7.137,3,,3.6562123844218855,6.219850802069127,8.760745516221778,9.448317628022462,3.50266598464655,4.556205877701313,3.3581247743346276,4.360257446527673,5.172923641423679,,19.602418753817084,13.072365164728216
1zum,ZINC000136298664,1,-7.777,3,,5.103158825668662,6.040832475743713,9.023571465888661,9.53123554425133,3.566531368150295,3.39376413440887,3.522164249435284,4.534395880379224,5.003030281739262,,19.805008305981595,13.126463346994875
1zum,ZINC000733287043,1,-6.859,2,,5.810812249591277,6.80864604748991,9.84261316927573,10.14918780001632,3.4880325399858294,4.71757416475883,3.5870229996474787,4.123034925876818,4.975835809188241,,19.786717009145303,13.47795770879253
1zum,ZINC000136299644,1,-7.699,3,,5.166129982878868,6.092659517813214,9.079359503841673,9.533484252884673,3.274943968986344,3.548531104555801,3.451089393220639,4.4858021579200305,5.082471347681166,,19.76292450524466,13.26436692797662
1zum,ZINC000136272395,1,-7.763,3,,5.419982380045152,5.941329901629768,9.50366292541986,9.428056056261019,3.427546498590504,3.722026732843279,3.14399888676825,4.114152403594208,4.62166225507663,,19.507728468481407,13.164085574015386
1zum,ZINC000136299601,1,-7.852,4,,5.553620170663451,6.175052874267553,9.29710417280564,9.656758358786867,3.221558008169339,3.564032266969538,3.332892287488454,3.9592107799408707,4.85072468812651,,19.753850662592345,12.997470830896292
1zum,ZINC000004502196,1,-6.957,4,,5.5050297910183845,6.548882500091135,8.618266473021125,9.999570090758901,3.1340647727831077,3.3300602096658847,3.912710697202131,3.912498690095635,5.759811455247473,,20.33630561336055,12.567200404226869
1zum,ZINC000478974967,1,-7.043,5,,3.911724044459171,5.5779202217313895,9.1596422419219,9.008858418245902,3.5445669693207984,4.2943689874066475,3.4910522768930354,3.978156105534317,3.572621726407649,,19.100914245134973,13.04883822414854
1zum,ZINC000478974969,1,-7.024,3,,3.648043448206171,4.458932383429911,7.635548441336741,7.596204710248401,3.494188603953713,4.221032812002294,3.578007546107195,4.719886015572838,4.563293656998202,,18.031879574797518,11.785561463078453
1zum,ZINC000531731679,1,-7.06,2,,6.39024459625764,9.469410805324685,8.700147929776827,12.692165339294947,3.026916748111841,3.8995479225161462,5.580280817306599,5.372986041299568,7.55626263439804,,21.30607955490639,13.365892899466163
1zum,ZINC000155096567,1,-7.555,2,,4.696539364255339,7.39180323060618,8.124499615360937,10.721182257568426,2.4526426564014585,3.419932894078476,5.023363514618467,4.675952416353272,6.835213383647946,,20.86853909596932,13.019154235202837
1zum,ZINC000155096665,1,-7.652,2,,4.699090656712209,7.949037048599027,8.110530562176558,11.223198385487088,3.3333447166472316,3.3514094050115704,5.190245658925982,4.5883786896898595,6.93035431994642,,20.84407541724986,12.962461108909833
1zum,ZINC000003289534,1,-7.184,3,,6.07984243216878,7.013768815693884,9.97555477154028,10.382752477065035,3.4402251379815296,4.0325765956767645,3.538031090875265,3.9621340209538656,4.939526799198485,,19.88647547958159,13.499705996798598
1zum,ZINC000078995952,1,-6.941,5,,4.242389185352983,4.61398331162998,6.388126642451601,7.0747057889356775,3.450109853323513,3.273091046701877,2.292302117959153,3.996103101773033,3.607091071764064,,17.160739756782046,10.50444691547346
1zum,ZINC000513616487,1,-6.918,4,,3.516052616216086,4.418592309774678,6.699332056257549,7.520917896108158,3.554234235387429,3.7194166209232398,3.3083449034222556,4.755128704882758,4.276723161487074,,17.740528599790927,10.888887225056559
1zum,ZINC000475393572,1,-7.248,3,,3.842830857584026,7.903546862010745,9.195224575832828,11.081433887363131,3.28310676037195,3.248465483886203,5.396369242370284,5.928646557183189,7.249635163234084,,21.10326841984436,12.879339656985525
1zum,ZINC000224150801,1,-7.434,4,,3.5466990286744133,5.592675298995997,9.081471741959012,9.23632583877377,3.4172565019325027,5.324625245028985,3.2251587557824184,3.6189852168805543,4.4204151388755335,,19.60843956055657,13.38306474616334
1zum,ZINC000136295912,1,-7.233,3,,5.403985288655035,6.296714540139163,8.538917495795356,9.836290255985741,3.470264255067615,3.246281565114157,3.6496532712026224,4.200794448672777,5.080539341447915,,20.034784800441454,13.349860635976691
1zum,ZINC000171355238,1,-7.315,2,,4.6932809419424295,8.060906958897366,8.051321506436073,11.379400819023823,3.1450205086771676,3.2621614000536567,6.063551599516571,6.39991023374547,7.797709535498232,,20.77850827176966,12.921586667278909
1zum,ZINC000794263741,1,-6.238,6,,3.599326186941105,3.471582636204983,6.497757997955906,6.581715126013886,3.460873155722414,3.4799857758330006,3.1800646219848985,4.340870995549167,2.336001926369069,,16.481654316239005,10.442883605594766
1zum,ZINC000813720307,1,-7.622,3,,4.76300892293936,6.218699381703539,7.995691027047011,9.638795256669791,3.4091677870119557,3.2936722666349225,3.889019542249691,5.092015121737176,5.4227046757130335,,19.917632740865564,12.90067796668067
1zum,ZINC000156557484,1,-6.995,4,,5.820731397341745,6.228376433710468,8.681390556817501,9.736480010763644,3.5254489075860986,3.5468851123203837,3.267001683501251,3.5874839372462692,4.679913781257087,,19.72032786238606,13.257993400209552
1zum,ZINC000563865013,1,-7.858,9,,3.4219891875924935,3.571888576089688,3.592542971211352,3.175897668376609,3.1799014135661543,3.177021246387879,3.062411631378118,3.392375716220128,3.3124499996226238,,9.256597377006306,4.234820657359653
1zum,ZINC000678811250,1,-7.633,3,,5.852565334962093,7.655975313439819,8.45505493772808,10.955196848984507,2.8220717567064124,3.699361296223984,3.8556143479347154,4.201011663873367,5.74699199581834,,20.246026301474572,13.118114994159791
1zum,ZINC001186241121,1,-8.141,2,,6.091075767054621,8.240749116433523,7.724678763547393,11.461904292045018,2.6922141445286303,3.3309681775724003,4.5184101186147325,4.253368782506411,6.317771838235375,,20.450365766900116,12.62412709853636
1zum,ZINC000152011326,1,-7.498,2,,5.383311805942504,7.288092548808633,9.184498843159597,10.609404931474712,3.4936579683764046,3.4539115506914775,4.632369372146395,5.066300129285676,6.562503257142049,,20.883219507537618,12.963057471136969
1zum,ZINC000684798013,1,-6.815,5,,3.0586743860698893,5.01626105779992,6.808669253238848,7.762733861211527,2.626830409447868,3.6159775994881342,2.344384354153559,3.326779373508265,4.36620762218198,,18.232106789946137,11.342261943721807
1zum,ZINC000510979204,1,-7.515,2,,6.090616881728816,8.10883678464426,8.208026620327203,11.383926651204318,2.729217836670421,3.3458178372409946,4.6403760623466725,5.164014426780775,6.47658019328102,,20.886637666220956,13.085869363553952
1zum,ZINC000156558287,1,-7.353,2,,5.169179528706653,6.663174243556893,8.393056237152233,10.11489975234555,3.3621911010530035,3.532201721306408,4.013192993116582,4.9126859252347925,5.655129441489384,,20.257832090329902,12.965228035017352
1zum,ZINC000506602899,1,-6.581,2,,6.154130726593316,8.96605180667611,9.0342792186206,12.13730690886574,3.352665506727445,3.6664327349618744,4.7901487450808915,4.616669578819785,6.8159542251984115,,21.06700600465097,13.161802080262413
1zum,ZINC000530315796,1,-6.436,4,,3.77744543309364,4.552953327237163,8.049094980182554,7.952093938076939,3.146668237993953,3.3678981576051235,3.33748782769316,4.516923510532363,4.4637638826443355,,18.560747991393015,12.369393598717757
1zum,ZINC000058757972,1,-8.108,2,,6.313882957420101,8.542284589031198,8.596330961520735,11.77555111236837,3.4272699047492616,3.48555806148743,4.692496244004889,4.6631813175127625,6.729829864119897,,20.964808274820925,13.055276940762305
1zum,ZINC000065171312,1,-7.924,2,,5.87641931791801,3.2974074664802897,9.745761181149476,4.279182749077212,9.91904531696474,9.522551916371995,7.007154843443951,6.236943963192232,3.0786065029490204,,13.597790151344444,12.034938221694372
1zum,ZINC001353921728,1,-7.033,4,,3.726948617837383,5.7748484828608255,7.857761067886959,8.820925404967442,3.4301606376378353,4.231000945402869,3.3034839185320695,3.8810476678340406,4.206788442505759,,19.55126279809056,12.778181795545091
1zum,ZINC000730973552,1,-7.174,4,,5.8408650900358925,6.979489809434492,8.048230488747201,10.348981689035885,3.188800087807323,3.6103980389979187,3.248054802493337,3.7975995049504703,4.779449026823075,,19.692081936656674,12.81581667315821
1zum,ZINC000020140713,1,-7.645,2,,6.923431663561063,3.4501004333207392,9.658557500993608,4.020492507143865,11.318637727217883,10.183763253336162,7.555687989852413,6.800341609066417,3.291645788963324,,13.055672177256904,11.689910607014925
1zum,ZINC001125273520,1,-7.933,9,,3.8665832462265657,3.1713505009695737,3.459365548767571,3.594853126346061,3.554054304593558,3.376349211796666,3.5152640014656122,3.8350229464763355,3.1060529615574817,,9.462704317477115,4.067135724315081
1zum,ZINC000003426999,1,-7.508,3,,3.974253263192973,6.511080248315171,8.548506185293428,9.8504352188114,3.5101495694628224,3.4333498219668748,4.604012597723857,4.65431896199648,6.542652214507508,,20.87264654997061,12.873085294520502
1zum,ZINC000136055232,1,-7.071,4,,3.8423297620063668,4.8892721339684035,8.226831528602007,8.289239892776658,3.452572808790574,3.1788854965223274,3.413545663968774,4.701431909535654,4.439186975111551,,18.811522027736086,12.638404448347105
1zum,ZINC000482041159,1,-7.756,2,,6.203068273040367,8.0790102116534,8.389352358793856,11.266900461085116,3.203327176546284,3.229927862971554,4.6471193227633005,4.864057051474629,6.597108533289416,,20.78432171132847,12.724169796100645
1zum,ZINC000063715222,1,-7.991,3,,5.366820473986437,6.443673098474186,8.589299971476143,9.858507442813032,3.2810129533423043,3.1598414517187403,3.534035936433019,4.330114317197647,4.973380439902019,,19.81789597813047,12.578869146310412
1zum,ZINC000463686920,1,-7.602,3,,6.598535595115023,2.8794591506044958,9.254577570046086,3.9596198049812856,10.774041117426652,10.044438162485745,7.405261980510886,6.565331522474704,3.546228701028743,,14.052986195111703,11.604217379901156
1zum,ZINC000764746578,1,-6.95,2,,6.204166664428026,10.367899160389241,8.998623061335552,12.971202372949081,3.432150346357231,3.31440024740525,7.703460131655118,11.736136204049444,11.74599255065317,,20.918738896023346,12.830107326129424
1zum,ZINC000141435133,1,-6.834,3,,4.887009105782387,5.958996056383991,9.2488718230928,9.417372244952412,3.5386874685397105,3.5227787327619615,3.5214619123312993,4.770351978627999,5.007366872918341,,19.619110810635632,13.218376186203807
1zum,ZINC000762225499,1,-6.026,2,,7.196099360070011,3.351146221817243,9.380161299252807,4.5000539996760045,10.950785999187458,9.552281612264162,6.973617353999287,6.248251435401748,3.4502134716565016,,14.661145726033828,11.600649162870157
1zum,ZINC001526443830,1,-8.087,3,,5.463816065718164,7.0149489663147175,9.031178605254139,10.44621314161261,3.421533135890985,4.154950180206741,3.4036960792644244,3.7957600029506664,4.688594885464093,,19.814002523468094,13.736161399750655
1zum,ZINC000761751023,1,-6.951,3,,5.202575708242978,6.05545109797775,9.019894068114109,9.535361870427362,3.246036814332212,3.473233219926358,3.4417422913402453,4.439664063867894,4.939281830387893,,19.74816723141669,13.12477862670453
1zum,ZINC000005582676,1,-6.925,3,,5.826394511187857,7.371528878055078,9.45382102644217,10.700457466856268,3.1993888478895514,3.3879341788175314,3.579821783273578,4.028009061558825,5.347455563162728,,20.009175170406202,12.998719398463834
1zum,ZINC000809195733,1,-7.165,3,,5.639992641839166,6.815742952899559,9.198426930731145,10.169283258912603,3.356149728483524,3.344289012630339,3.7844884727001062,4.282557413508893,5.14415911495747,,19.903942549153424,12.940713620198846
1zum,ZINC000428004961,1,-7.141,2,,6.889275143293381,10.17772179812358,9.750604391523638,13.24331669182611,3.551780680165939,4.257506077505941,5.746519729366634,3.5497792889136086,7.198540754903043,,21.87694535349942,14.14742382909341
1zum,ZINC000001937116,1,-6.87,3,,4.897509775385855,6.727330302579166,9.031071254286504,10.082937320047169,3.4823826613397966,3.5102467149760272,3.2691310772130295,4.259282686086946,5.228473104071594,,19.623657890413806,13.101004427142216
1zum,ZINC000014198691,1,-7.38,2,,5.950235793647172,6.667827607249599,9.534750075382153,9.855972453289427,3.2487306752022365,4.300702500754965,3.236128087699865,4.714455429845528,4.86779601051646,,19.339072004623176,12.910512460781714
1zum,ZINC000535894874,1,-7.14,2,,4.807577976486706,4.731148909091744,8.685910084729178,8.250583736924321,3.4018372976966385,4.200671851025742,3.34052480906818,4.476113157640233,4.610672076823505,,18.91637203588468,12.91082758772651
1zum,ZINC000014233656,1,-8.127,6,,3.245212011564105,3.99653712606301,6.378887285412713,6.7441418282832695,2.4965980853954037,3.294547768662646,3.3941934240699982,3.419578921446334,4.199462822790555,,17.542476735056535,11.046704667003633
1zum,ZINC000762513901,1,-7.933,4,,5.582493618446868,6.309875513827509,9.10532679259784,9.805627924819506,3.266912150640118,3.4766462287670254,3.454815045700713,3.992075901082043,4.994952852630344,,19.880930159326045,13.059003867064282
1zum,ZINC000767575561,1,-7.443,3,,7.106357294704513,10.08652492189455,7.869435748514634,12.254642589647405,2.9365873050192106,3.273214933364443,5.577503922006691,3.614572865498777,7.189823015902412,,20.58648811720931,12.762492233102437
1zum,ZINC000753443769,1,-6.695,7,,3.6022597074614096,3.7965166929700107,5.600508637614973,6.296592808813351,3.537682150787437,3.225219372383836,2.535583956409252,3.5725997536807923,3.4292497721804986,,15.51737329576111,8.987964508163122
1zum,ZINC000457984581,1,-7.136,7,,3.6024451418446333,3.5183591345966896,6.711701051149405,4.018330996819455,3.389091028579792,3.564707701902086,3.4748687745007056,3.5516658063505906,2.140882528304622,,13.587046220573475,10.606208370572402
1zum,ZINC001142974483,1,-6.61,4,,3.6851705523625355,5.095425595570991,6.989808438004578,7.933200236978772,3.438680851722068,3.704636824305457,3.1915565168112003,4.032620487970579,4.488865558245208,,18.427469793761702,11.653647883817323
1zum,ZINC000623519017,1,-6.656,4,,3.6574872521992465,3.894615000227877,7.066886867638388,6.974789172440986,3.604216142242302,4.1692390192935695,3.0765490407272895,4.393649394296271,4.365905747951963,,17.787107999897003,11.5559230267426
1zum,ZINC000813682841,1,-7.38,3,,6.087522073881942,8.435717515422143,8.279459704594261,11.768133156962493,2.715455946982017,3.5747728599171182,4.582929848906702,3.930516123869744,6.13661820549397,,20.6816887850098,12.725409777292048
1zum,ZINC000811818946,1,-7.729,2,,6.307971623271619,8.594279085531259,7.48832571406987,11.702112031594982,3.4462492655059096,2.616663715497278,4.753065221517587,4.574990928952756,6.75403405380814,,19.201082104923152,11.192023096831065
1zum,ZINC000107207361,1,-7.499,3,,6.570554390612706,7.736987785953904,9.8591617290721,10.89990009128524,2.5477070082723334,4.361972489596878,3.170205356124428,3.5615158289694646,4.798146412939066,,19.64351824393991,13.449276002818882
1zum,ZINC000133307902,1,-7.236,2,,5.731954378743784,8.595011692836719,9.17796606008107,11.853347459684123,3.55462642200274,3.889751791567169,4.892883403474891,4.425597473788144,6.695094099413395,,21.208429715563575,13.681288024159128
1zum,ZINC000533579842,1,-7.023,3,,3.6124360201946866,5.546506648332802,7.3747211472705825,8.572351252719407,2.223880842131614,3.7443608266298254,4.270093441600544,5.071246197928083,5.717545015126682,,19.038284297698674,12.286525831169685
1zum,ZINC000012455868,1,-6.865,2,,6.07605702738215,7.467491278870029,8.41615315925275,10.82020896286204,3.292606718088274,3.292837074621215,4.910525531956842,4.517774452094751,6.448835631336868,,20.865573320663874,12.792992886732954
1zum,ZINC000815810559,1,-7.638,2,,4.638439069342186,7.019870440399876,7.939202478838793,10.270753672442932,3.2663865356078112,3.502087092006713,4.918381034446192,6.2467147365635345,6.676540196838478,,20.6447189857358,12.780247376322572
1zum,ZINC000002824210,1,-6.729,2,,7.327412981400734,10.51114166016232,8.868797663719702,13.096801670636994,3.336924781891262,3.5246562953002925,6.371587949640188,5.825427366296838,8.341031470987271,,21.08057809928371,12.96188319651122
1zum,ZINC000058241171,1,-6.557,2,,4.5152995470954025,4.133053834636074,8.30579255700502,7.655400707996938,3.3615463703480226,5.568704696785424,3.289817168172118,4.098242062152995,4.133010162097357,,18.442752587398658,12.583958876283724
1zum,ZINC001240351994,1,-6.759,1,,7.597800471189018,11.560419110049603,9.804722535594776,13.86053541534381,3.524994326236572,4.206705361681513,7.936294727390102,12.311961094805334,12.363977717547046,,21.86451620777373,13.721293998745159
1zum,ZINC000292058344,1,-7.012,2,,7.021356920140147,3.237674010767608,8.713789416780738,4.427322554321061,11.078250042312641,9.49966262558834,7.20071447843893,6.4054503354565195,3.2838087642248617,,13.335197636330703,10.532544659292931
1zum,ZINC001539748226,1,-7.084,8,,2.8090072979613234,3.442850853580501,3.489365271793725,3.6740068045663765,3.5377406631916952,3.1253059050275325,2.380544055462953,4.4696204536850805,3.286814567328066,,9.975107818966167,5.327358163292574
1zum,ZINC000733945692,1,-7.425,3,,4.98122966746164,6.421654148270516,8.894600272075191,9.811970546225666,3.514357551530584,3.4282587416938077,3.868938097204454,5.145029543161058,5.534254873061055,,19.988782379124544,13.224736708154156
1zum,ZINC001437033288,1,-8.03,4,,6.532661632137395,7.504138658100605,8.375678659069962,10.618045818322694,3.4389038951386843,3.343986393512982,2.9764557782705268,3.8272807579272308,4.739737123512235,,19.419645053398888,13.08253561049997
1zum,ZINC000342633905,1,-6.677,4,,5.511032843306229,6.3577507028822655,9.24019442436143,9.764324656626282,2.3201523656863587,3.6401204650395846,3.192216158094565,3.627389832923948,5.017943901639398,,19.650662355248997,13.333860693737579
1zum,ZINC000561770570,1,-7.263,3,,5.008639935152052,7.08965450498118,9.006379350216156,10.46843297728939,2.939402830508267,3.3781771711975095,3.7842613546107033,4.2383781096075035,5.520831911949508,,20.19072849106738,13.259185570765649
1zum,ZINC000171001100,1,-6.991,6,,3.5247032499204773,2.703479979581869,6.92704482445436,4.322993060369163,3.9915251471085598,3.795657782255927,3.2876163097295934,4.441137692078469,2.6754913567417904,,13.596953004257978,10.9377276433453
1zum,ZINC000527775936,1,-7.417,4,,4.713219494146217,6.11564199410004,9.017870757556905,9.471607308160529,3.4516099142284307,3.7191086297660036,3.6128545500753293,3.939864210858041,5.421085961318083,,19.92220662978878,13.370493895140896
1zum,ZINC000195617540,1,-7.779,7,,3.6732239245654426,3.1647549668181263,7.07310016894996,4.382111477358835,3.9646610195576604,3.8843004518188318,3.241878159339124,3.4424546474862945,2.2688201779779633,,13.067364577450197,10.55435673075342
1zum,ZINC000212343126,1,-6.787,2,,6.575651602693073,9.884689878797412,8.120863316175198,12.38597606165941,3.459659665342821,3.590181193199022,6.650840849095699,6.724086480705025,8.84072333013538,,20.808638230311953,12.913449810178532
1zum,ZINC000212343183,1,-6.654,2,,6.488997303127812,9.403746806459646,8.238840816522679,12.588104940776432,3.2170497353942205,3.533262656525836,5.984252501357206,5.660830592766407,7.912576634699977,,20.855500617343143,12.960003896604356
1zum,ZINC000000433857,1,-6.615,3,,5.703426426280959,7.214361648822435,9.908120205165053,10.507663869766679,3.2320672950914835,3.702794755316587,3.5746556477512654,4.481818604093654,5.382173724435138,,19.906322010858762,13.16753838042631
1zum,ZINC001189362827,1,-7.509,5,,3.75060661760201,3.9118810053476802,7.20573119121162,7.35113909540556,3.0967746123991624,4.486458068454451,3.5673139755283643,4.367902128024389,3.9303849684222993,,18.132423693483453,11.736782395529023
1zum,ZINC001362280225,1,-6.902,2,,6.483779144912323,9.691310850447422,8.750143884531274,12.808753881623304,3.0387393767811015,3.817739383457176,6.730243977747022,7.1198629902548,8.688754398646568,,21.412047917002244,13.468249069570994
1zum,ZINC000157640205,1,-7.235,2,,6.740806628290116,2.8239881373688482,9.471912478480792,4.479484903423611,10.960622838142006,9.848520193409774,7.046179816042168,5.880235624530701,2.3963858203553077,,13.44445134618739,11.27794968068222
1zum,ZINC000754065236,1,-6.971,3,,4.087337886693486,4.812028782125056,8.248759118800841,8.212713132698598,3.3444092153921563,3.1975617273166095,3.3360230814549303,4.475499301753949,4.496646861829385,,18.699468468381664,12.444664439027672
1zum,ZINC000934430513,1,-7.286,2,,6.093397984704429,7.4583846776631155,9.462078312928933,10.801769114362703,3.3280160756823305,3.649393100229132,4.980513226566113,5.771621869110967,6.486287150597019,,20.895299638914008,13.065495474722724
1zum,ZINC000348477912,1,-7.144,2,,5.909083346848307,8.769425579819922,7.950013899358921,11.936049807201712,2.6648658502821494,3.4842491300135214,4.892840075048438,4.815673784632846,6.792887824776738,,20.660706740089996,12.798237769318087
1zum,ZINC001451460045,1,-7.32,2,,5.563459625089411,8.956111098015699,8.348176687157503,12.122592791973178,2.504818356687771,3.425778013824014,6.022175520524122,5.847088677282055,7.935057592733653,,21.13376918583148,13.110530881699642
1zum,ZINC000131556619,1,-6.213,4,,3.329256673793708,4.259123853564249,7.0883223685156995,7.295148387798569,3.4163518554153627,3.5484648793527636,3.512682593118826,5.027453629820963,4.193373582212769,,18.180343808630244,11.740368009564266
1zum,ZINC000727876932,1,-6.296,2,,4.7526978654233885,9.784498760795058,9.685073928473651,12.955621714144021,3.2262042712760755,3.930385858920219,8.2434318096288,9.590657954488837,10.516717263481032,,22.037394832420645,14.023134813585726
1zum,ZINC000022901349,1,-7.045,5,,5.454082690975633,3.1853754880704424,8.623750982026325,3.7987696692481885,3.686694725631622,6.860199486895411,3.543369723864562,4.162126019235842,1.9046414360713664,,13.42295060707593,10.99073723641868
1zum,ZINC001194938783,1,-7.926,5,,5.714662194740819,3.0027960303690313,9.311812551807522,4.27861683257569,3.8227568586034937,6.927215024813363,3.2388681665050854,3.570437228127672,2.0146577873177347,,13.16674545967985,11.040935920473409
1zum,ZINC000136289287,1,-7.568,5,,4.97469375941876,5.660034098837212,8.516818537458692,9.280882932135286,3.5172190719373733,3.6210200220379845,3.3426007838208887,3.6769548542238057,3.9322554596567136,,19.474353673485545,12.945226649232525
1zum,ZINC000510859129,1,-7.958,9,,3.6800626353365162,3.763461305766276,3.4749883453042,3.309573084251203,3.5556041680704573,2.918424917656779,2.217359014683911,3.642177508030052,3.409645436112083,,10.690199904585505,5.0597534524915275
1zum,ZINC000576236030,1,-8.095,2,,6.595043972560004,8.629091377427862,9.502346973248239,11.81644548923237,3.09662622865596,3.5738809437360914,5.170972829168607,5.050231776859358,7.259923759930265,,21.16042811476176,12.998057008645555
1zum,ZINC000073146742,1,-6.953,3,,5.861514224157444,3.0727746419156734,9.55971134501455,3.994475434897549,9.769454181273383,9.36000886751717,6.8662692927091085,6.41769187480982,3.2396461226498157,,13.245396105817296,11.951349170700356
1zum,ZINC000003271080,1,-6.97,3,,5.677122686713752,6.557677103975153,8.430808146316698,9.980793305143637,3.2491877446524997,3.636608584931843,3.4328894535070638,4.065953885621435,5.010489197673219,,19.85272376778562,12.915097250892071
1zum,ZINC000105340467,1,-7.162,6,,3.806043615094282,3.832243207313432,8.293161580483037,7.695037231878737,3.334568337881232,4.484067907603541,3.331893605744339,3.5074276899175008,2.709037467441155,,17.90783431909062,12.744831854520486
1zum,ZINC000580046185,1,-7.642,3,,3.5625134385711394,7.594821722726607,8.456398819828685,10.802424403808619,3.5507990649993113,3.436024155910426,5.451973404190447,5.641822489231647,7.314447620975904,,20.891924492492308,12.928562565111402
1zum,ZINC000511190076,1,-7.544,4,,4.329869513045388,3.652257110336014,7.180735477651302,6.8140996470553645,3.295673072378391,4.0435871450977725,2.9628163966064447,3.5928331439130377,4.063988804118428,,17.362225577384944,10.893134764612068
1zum,ZINC001264068663,1,-7.303,5,,3.6116237345548567,4.16188514978489,7.504087219642367,7.507381301092948,3.5009305905715964,3.7500657327572235,3.479662483632577,3.7687257793583195,4.294205165103319,,18.551556403709096,12.351539539668726
1zum,ZINC000525152175,1,-7.417,1,,6.163958225036897,8.95453270695908,10.051209379970159,12.179686941789594,3.475932249052039,4.430560009750463,5.349142828528699,5.08631536576332,7.340816371494386,,21.56186638489349,14.300170523458803
1zum,ZINC000031729440,1,-8.068,5,,3.491889173499066,5.508066266849005,7.377450101491706,8.87373574093797,3.2644783656811116,3.3625924522606123,3.6757891669680984,3.8936950317147314,4.855326662542903,,19.420324508102333,12.189961648832204
1zum,ZINC000002130521,1,-8.873,3,,5.10826673148534,6.173390073533342,7.770486857333979,9.591266496141168,3.1230075248068174,3.4892212598228864,3.4943929372639273,4.712882451324242,5.126520359854238,,19.730562004159943,12.633362695656293
1zum,ZINC000000147400,1,-6.258,1,,6.515547636231354,8.754400379237858,9.684811252678081,11.930091952705144,3.5439448359137855,4.291755468336937,4.72765163691235,4.660122423284612,6.627947570703925,,21.015837956170103,14.101596824473463
1zum,ZINC000794890721,1,-7.328,5,,6.237176765171875,3.2297371410069893,9.509036649419325,4.662893200578369,3.6351532292325697,6.503624681667906,3.272083434144066,3.642737020428458,2.5209105497815547,,12.743607573995682,11.55605681017535
1zum,ZINC000037301053,1,-6.406,2,,6.591588124268688,10.260602760072132,8.44451549823908,12.793951852340228,3.5674099848489553,3.3478903805232374,7.188083819767268,7.732165414681717,9.261651364632552,,20.831837316953106,12.847750503492817
1zum,ZINC000014483347,1,-7.092,3,,6.588588467949719,7.581554523974611,10.365562840482909,10.794716161159588,3.432591149554515,4.939922570243382,3.238478191990802,3.6995310513631376,4.76916659386103,,19.694719241461655,13.518077673989001
1zum,ZINC000069830061,1,-7.471,2,,5.895303724151964,7.931069852170005,9.369781694361938,11.244539786047273,3.4786155292012424,3.6673026872621293,4.164049111141701,4.130456633351817,6.01912535174339,,20.568985730949397,13.732345101984585
1zum,ZINC000014483287,1,-6.911,3,,6.372690562078158,7.003985865205606,10.463654524113458,10.437744296542238,3.3840930838261536,5.194627320607324,3.5015930660200976,3.7870491150762797,4.251270280751394,,19.73412407481011,13.902622774138704
1zum,ZINC000010959926,1,-7.211,1,,4.6607784757484385,6.110919161631906,9.246784792564384,9.545255313505242,3.5825034542900314,4.4949280305695645,4.145726836153105,4.468166514354631,5.925779442402497,,20.427801545932446,13.830869893105058
1zum,ZINC000010959785,1,-6.923,2,,6.314840061315879,6.735539622034744,10.348981060954749,10.23786755139956,3.2807305588847138,4.886227276744301,3.6581683941557435,4.0715172847477925,4.250120586524579,,19.766918095646574,13.986193692352472
1zum,ZINC000833092417,1,-7.136,5,,3.754075785063483,6.095603005445808,8.981725502374255,9.625300722574858,3.27393799574763,3.7154780311556173,3.2802239252831518,3.7911241077020987,4.661582992932768,,19.703086712492535,13.589310431364789
1zum,ZINC000091447526,1,-6.643,3,,6.503169842469134,7.034617615762779,10.31053354584524,10.40872725168645,3.4241245596502417,4.91089533588327,3.3406458956315648,3.8213565654097206,4.32679534990968,,19.646895836238354,13.734891371976707
1zum,ZINC000739215804,1,-7.111,4,,3.7615034228350765,6.564796493418507,8.99535802511495,9.950634401886143,3.265213775543654,3.7408392106584825,3.6300300274240183,4.387473418722906,5.14381123292836,,19.86458723457399,13.48414316892252
1zum,ZINC000605544082,1,-7.167,2,,5.281682023749622,3.091998059507801,9.580773663958466,4.353345495133605,10.477135629550665,9.786135192199213,6.978425108862315,6.2233057132041925,2.8800274304249176,,13.823084785965829,11.68845058166394
1zum,ZINC000292039759,1,-6.867,2,,6.329203662389134,9.12316397967284,8.579317979886278,12.289027666988146,3.440975152482217,3.4234895939669463,5.154853053191723,5.0441626658941185,7.212777204378357,,20.869528240954562,12.85517740056511
1zum,ZINC000291985160,1,-6.927,3,,6.280156845175124,7.487072458578181,8.139554840407428,10.735388022796382,2.2656491343542173,3.2127040013048154,3.694649645094919,4.516936683195821,5.322209033850516,,20.025747102168246,12.468771070157635
1zum,ZINC000068032875,1,-7.328,2,,6.269512341482387,8.629285370179847,9.294439466691898,11.846815015015643,3.618748264248282,3.842172952900477,5.419188223341205,5.690668326304043,7.412737820805484,,21.56314063396146,13.60658774270757
1zum,ZINC000049602465,1,-7.602,2,,4.731968406487941,8.980933192046354,8.329280521149474,12.180200573061184,3.2062794638022387,3.4726367503670725,5.91766178486064,5.363309985447425,7.862737945525086,,20.985690458024013,13.078508362959438
1zum,ZINC000058757116,1,-7.074,3,,6.379973746027482,7.091843624897547,9.160489124495484,10.40397837367995,3.4638350133919507,3.605233556928039,3.419769290463909,4.277713057230466,4.782788621714328,,19.744568392345275,13.327864870263353
1zum,ZINC000559875999,1,-7.112,3,,5.830930114484305,7.648069298849214,7.856938462276509,10.89604579652637,3.284525536512086,3.478929001862494,3.9098996150796506,4.488051470293103,5.876961629958122,,20.235345709920544,12.680065496676264
1zum,ZINC001348739056,1,-7.37,3,,4.243197025828515,6.4668571965058845,9.02739375456726,9.773167858990249,3.186235553125348,4.525754301771142,3.1031701532465195,3.5681214945682584,4.48343462091286,,19.485718308545877,13.200926066000063
1zum,ZINC000753477207,1,-7.209,2,,4.055136249252294,7.895805785352115,6.657390930387066,11.064130377033704,3.4529594553078713,3.241714669738844,6.147229050556034,5.909923349756756,7.867556863474204,,19.386130299778756,11.776717921390489
1zum,ZINC001580337369,1,-7.595,3,,6.668470739232495,9.899511957667405,8.756303843517538,12.751360280377929,3.5118425363333143,3.8947915220201392,4.923777919443569,3.4861065675047924,6.62525773083584,,21.258649580817686,13.630560003169345
1zum,ZINC000129009050,1,-6.742,2,,6.656383026839723,10.02758325819337,7.909869404737353,12.111379607625217,3.2106812361241994,3.345727723530407,8.079302507023732,9.10585267836022,11.938536091162927,,20.660414177842615,12.774552086081139
1zum,ZINC000010491609,1,-6.545,2,,4.6839143886283825,8.225529162309249,7.859707946228032,11.42029526763647,3.5884683362125385,3.126982251308756,4.98285781454779,4.353602990627422,6.821554148432746,,20.358053860818824,12.428239979981072
1zum,ZINC000008772650,1,-7.246,5,,5.024035330289785,5.247541710172485,8.108374066358808,8.89254631700055,3.459160158188691,3.3217685048780856,3.6406550234813544,3.483692007052287,3.7106993949928135,,19.46498546107857,12.819059793916242
1zum,ZINC001182405571,1,-7.278,4,,3.4002814589383616,5.377245205493235,7.3870791250669585,8.402139370422276,3.3247765338440414,3.532336054228134,3.5963188123413103,4.77247168666301,5.4488598807457,,19.42677567173719,12.433660804445323
1zum,ZINC000109289706,1,-6.96,3,,3.4502882488279107,4.579173069452601,8.380676345021321,7.997751809102357,3.505248778617578,4.500229660806218,3.3467576846852842,4.6050418021989845,4.407251411027066,,18.542031954454185,12.517962254296819
1zum,ZINC000195581789,1,-7.228,2,,3.713887585805473,5.165923441167122,8.345425753069756,8.49236415846612,3.532435420499576,4.447562028797351,4.181971305496964,4.593938724014508,5.412257015331037,,19.210247317512597,12.77584611679398
1zum,ZINC000014483498,1,-6.839,2,,6.106749298931468,7.907113316501789,8.12559007088101,11.20671695903845,3.495987843228294,3.6573457588803415,4.1238997320497495,4.41545580886051,5.976648893820015,,20.498823624783935,12.938425754318029
1zum,ZINC000794392501,1,-7.344,2,,4.961830408226384,8.990800242470073,8.147683474460699,12.137943030019542,3.1357688052533494,3.137719235368256,6.04315356415837,6.432573823905953,8.098920792303133,,20.568282475695433,12.52438521445264
1zum,ZINC001540408236,1,-7.256,2,,7.160315216525041,10.205927199426803,8.533803431061676,12.857536505878565,2.6395440894214937,3.275694430193392,5.607557935500978,5.005378706951156,7.67179672566994,,20.856528426370485,12.79107333260192
1zum,ZINC000914339272,1,-7.281,8,,3.574625714672787,2.8440789370198543,3.3986873936859823,3.220641240498549,3.360263531332029,3.1903292933488854,3.29217390184663,5.238103855404172,3.2745847064933296,,10.320837708248298,5.253301914034632
1zum,ZINC000362530925,1,-8.053,1,,6.213009093828852,8.577529014815392,9.642220387441887,11.739668053228762,3.247112871459813,4.163573225007576,5.0383642186725615,4.968954417178738,6.958530951285621,,21.14463546623587,13.843986636803713
1zum,ZINC000468237995,1,-7.033,6,,3.740872358153906,2.8188006314743173,6.588008348507153,5.171519892642775,3.370628576393436,3.566149043436067,3.2516392788868815,4.639958081707204,2.9691825474362434,,15.644710224225948,10.396002933820283
1zum,ZINC000914481934,1,-6.995,3,,5.834007027764019,10.047822500422663,8.265926021928822,12.645683097405216,2.9961822374481857,3.364544694308574,5.0774595025465254,3.4391064246399803,6.974729672180853,,20.651021742277067,12.67345990643439
1zum,ZINC001130710315,1,-7.631,3,,5.0310342873011615,4.387368459566615,8.7188564617156,7.942979919400525,3.474534357291632,4.2687958489485105,3.637705045767181,3.4522912681290396,4.025666031851126,,18.5034166844937,12.773365766312331
1zum,ZINC000078053612,1,-7.292,4,,3.529276696435118,5.256722362841693,7.272256321115198,8.166716231142109,3.541611497609532,3.911175526616008,3.580697557739277,4.551060316014283,5.2188326280883945,,18.75899064448831,11.9905474020163
1zum,ZINC000502888627,1,-8.386,3,,3.9018229073088366,7.047797528306269,8.373491565649301,10.27564469996895,3.1133051569031878,3.2770015257854204,4.689689435346439,5.212222270778559,6.649019025390137,,20.746796885302558,12.788885956173036
1zum,ZINC000428194752,1,-7.626,2,,6.148734910532408,8.798831172377383,7.963974510255541,11.962826338286453,3.0888502715411836,3.4391996161897844,5.1830092610374505,5.133252380314063,7.276021096725879,,20.730577946598594,12.894717716956812
1zum,ZINC000426741160,1,-7.042,2,,4.428555746516012,8.09471932805579,9.16127371057104,11.2607087254755,3.353564372425265,3.740359341025941,5.45953624404125,5.372960543313164,7.5108810401976145,,21.467621619546033,13.430465181817048
1zum,ZINC000104763363,1,-7.186,5,,3.5188647316997006,3.3868696461481913,6.346073825602724,4.954476258899622,3.609772430500292,3.464932466874355,4.194902263462169,5.219804019309538,3.32955102078343,,15.60350457429356,10.800825616590613
1zum,ZINC001129114617,1,-7.497,2,,4.965676288281385,7.712200529031901,8.094938542076772,11.042561523487203,3.3829957138607325,3.41454374697411,5.099027456290073,5.26813012367766,6.6577565290418965,,20.614627961716895,12.699938936861074
1zum,ZINC000915157466,1,-7.365,6,,3.4917030228815213,2.798562488135648,6.113752857288224,4.744003688868719,3.9871410810253543,3.5608317848502775,3.1453017343332874,4.831959229960447,3.2188143779969574,,13.797773516042366,10.03603113785524
1zum,ZINC000004656128,1,-6.898,2,,5.67458359705803,10.355271700926059,7.574794122614823,12.279838028247768,3.3039694308513243,3.5568775632568497,8.363048128523475,11.094837583308735,12.181874650479699,,19.93937907759417,12.118312960144248
1zum,ZINC000164049491,1,-6.974,3,,3.9126703157817913,4.8956720682660055,7.688380648745219,7.950562936044215,3.516887544406277,4.166678053317775,3.5953385097929296,4.722492244567487,4.858073074790049,,18.258880250442523,11.80876496505879
1zum,ZINC000741288174,1,-6.941,2,,4.833061762485552,7.454568733333938,9.044779378182755,10.74845519132866,3.0921790051677194,3.51837817751304,5.3287892621119894,6.38108407717686,7.015921464782802,,21.194370313835698,13.10308688821073
1zum,ZINC000551670038,1,-7.165,5,,3.7354563308918385,4.821733920489595,6.867034585612632,7.683246579408996,3.5371868766012375,3.911104958959817,3.1320716786178484,3.5814502649066724,4.533366298899754,,17.817801351457483,11.0376690927025
1zum,ZINC000674940440,1,-7.202,2,,6.361724687535608,10.083715039607174,9.227852025254847,13.048182593756115,3.355932955230192,3.1948517962497114,5.736335677067719,5.698678267809122,7.909719464051805,,20.77710145809564,12.654480076241772
1zum,ZINC000428138636,1,-7.094,5,,3.5727760915008346,4.65301773046267,7.027419583317902,7.950662236568726,3.497075635441705,3.7977711884735763,3.1389217894047636,3.646303470639824,4.423037304839291,,18.3870922388506,11.503574444493324
1zum,ZINC000821369369,1,-6.817,2,,5.072623975813696,6.904884358191665,7.849003503630258,10.324588030522092,3.5822319857876312,2.6494205026760107,4.601241028244442,5.120474001496343,6.313313709930783,,20.19171765848562,12.083646262614607
1zum,ZINC000833109537,1,-7.329,3,,5.1970491627461,6.341148397569636,7.504920585855653,9.765541715644867,3.0378540122922306,3.168442046179795,3.5940893144160984,4.75919247351901,5.256760314109822,,19.83086334479666,12.289979454824161
1zum,ZINC001124135887,1,-7.464,2,,6.635588971598525,8.637239605336875,8.691765585886447,11.91252911853734,2.9203736062360166,3.747357602364624,4.978936533035947,4.588107452970131,6.970426242347024,,21.20267693004824,13.234767319450684
1zum,ZINC000046278994,1,-7.158,2,,6.688369083715403,3.1828776288132734,9.433746710612919,4.25825645070843,10.686669546682921,9.765077214236452,6.909189894625857,6.166258022496302,2.8872412438173534,,13.325220673594869,11.168712459366127
1zum,ZINC000049901620,1,-7.772,2,,6.5378062069779945,8.63293235233544,8.02467880977177,11.896224653225072,3.0399731906712497,3.382614373528264,5.099189151227868,4.6458535276093285,7.113007872904403,,20.705010263218906,12.840396606024287
1zum,ZINC001177473981,1,-7.36,2,,6.857172813922657,10.00743133876021,8.520994953642447,12.817564862328569,3.0402241693664616,3.1630039519418904,6.568997335971453,6.827486872927704,8.644835394615681,,20.72859351234425,12.576543682586244
1zum,ZINC000126218298,1,-7.311,3,,5.169057360873455,6.368049858473154,9.062336233003059,9.728106753114915,3.2725219632570863,3.313241615095406,3.574075684705067,4.743720691609073,5.365889115514783,,19.82015343028403,12.996240725686794
1zum,ZINC000009135006,1,-7.329,3,,6.090443744096153,6.5595611133672636,9.77539283098127,9.8517296958453,2.8812571908803957,5.068338386493154,2.8848129922059087,2.761065555179737,4.410230946333763,,19.280238717401815,13.136044077270757
1zum,ZINC000493579905,1,-7.293,3,,5.434810576275866,6.2551422046185285,9.209009664453614,9.5472874681765,3.4042897937749106,3.7635391588237823,3.1817633475794516,4.357293081719426,4.868412985768561,,19.386367297665643,13.014828658111483
1zum,ZINC000340896001,1,-7.086,3,,4.624372930463106,5.535732742826372,8.981485456203776,9.022695439833933,3.507602457519952,4.775444691335038,2.971315701839843,3.61863040389593,4.493883176051645,,19.42400684719813,13.314942132807031
1zum,ZINC000159936482,1,-7.901,3,,5.685195687045429,7.042327243177498,9.674510220161022,10.418305284450062,3.374661612665787,4.313386140841092,3.421191312978566,3.9995075946921355,4.999996299998635,,19.84743764318205,13.560979942467277
1zum,ZINC000620660092,1,-7.046,2,,7.076570991659737,10.507297844831472,8.40435494252831,12.627322519045755,3.478574133175836,3.433110251652283,7.997481165967186,12.373595879937252,12.100829971535008,,20.948811756278683,12.987520972071612
1zum,ZINC000159936372,1,-7.654,3,,4.518815995368697,5.74381423794328,9.135970774909472,9.230785123704267,2.924820336362557,3.7117793576666185,3.842963179631048,4.501756657128421,5.017723487798022,,19.606272389212588,13.143459552187922
1zum,ZINC000622191069,1,-7.079,3,,3.745978910778864,5.9950567136600075,9.301198793703955,9.47164911723402,3.543289149928359,4.311699548901797,3.968101561200266,4.584332666812044,5.8280426388282365,,20.277271833261985,13.621983519297027
1zum,ZINC000123973301,1,-5.975,7,,3.3766589996622365,3.6481743379394516,7.625710524272472,7.192010984418752,3.171200088294651,3.545433259842863,3.0783243818675166,3.3301972914528615,2.275941124018807,,17.409392120346997,11.812641702853767
1zum,ZINC000132882188,1,-7.001,4,,6.493920695542863,7.53558790009114,8.629878851988597,10.839602345104737,2.945735561790979,3.3452990897676047,3.740232479405526,3.4642344031546153,5.221028825815848,,20.118660492189832,12.764020722327267
1zum,ZINC000855611791,1,-7.204,4,,5.25937534313724,5.536372548880716,8.561024588213728,9.071702541419665,2.939772270091683,3.596776056414961,3.001933710127529,3.9654559636944673,4.220630640082122,,19.26655322054259,12.901140608488845
1zum,ZINC000090610500,1,-6.461,5,,3.3375473030355662,3.910878545800162,6.7515204954143435,6.8366565658953515,2.9581590558994693,3.5210396192033993,3.414383399678479,4.0666805874078715,4.045163655527418,,17.635394239993612,11.300501493296652
1zum,ZINC000000443596,1,-6.842,2,,5.005416366297616,6.399230735018078,9.636693416312468,9.858020795271235,3.3604218485184334,4.038815915587142,3.8905606279815257,5.027922930992477,5.4281808186537015,,20.05315937701588,13.55238167260648
1zum,ZINC000365207148,1,-6.508,2,,4.945997775980088,7.832220502513956,9.211463781614734,11.054345661322523,2.448088437945004,3.6102815679666875,5.564403561928266,6.082454849811876,7.392556120855624,,21.414237133271868,13.73980385595078
1zum,ZINC000006480271,1,-7.073,2,,5.1474993929091415,8.345330370931993,9.052776424942795,11.676516132819755,3.4357734209345066,3.607420269389193,6.289595694478303,6.7901059638270755,8.021956432192836,,21.41602439763272,13.324628775316777
1zum,ZINC001628448337,1,-7.426,8,,3.178556276047349,3.549536589471927,3.548345107229574,3.4433045174657417,3.5089539751897534,3.153942612033395,3.339113055887741,5.283417360004793,3.4682913660763783,,11.408271297615604,5.348517645105038
1zum,ZINC000017320654,1,-8.028,3,,5.754232268513322,7.505691373884217,8.68985414146866,10.698215785821487,3.3424615181030877,3.51878970670314,3.7666601917348492,4.204718658840327,5.532093093938315,,20.01770960924351,12.890208299325499
1zum,ZINC001250153640,1,-6.682,9,,3.2779029881922876,2.5938459861757397,3.768760804296285,3.389708099527157,3.8788754813734445,3.109949517275159,2.8903655478157115,3.5702911645970907,2.9858849609454183,,11.132019583166388,5.502204103811486
1zum,ZINC000006376369,1,-7.322,3,,4.83084319762089,6.262153782844998,8.9492536001613,9.605056168497923,3.214299301558579,3.2637751148018768,3.7767846112798105,5.12426394714402,5.541104673257849,,19.89365619990453,12.80985850819594
1zum,ZINC000346517594,1,-6.673,2,,4.089636658677638,7.187075413546173,8.05167150348299,10.295694002834386,3.0791532927088934,3.554165724892405,4.100621782120364,4.289754072205073,5.932414516872536,,20.252446518877665,12.293362314680227
1zum,ZINC000805251241,1,-7.659,2,,6.227990446363902,3.1405622108151254,9.612666747578434,4.268436481898263,11.11866156513454,10.038738416753375,7.24843610718892,6.390899545447419,3.3134469967090157,,13.910167001154228,11.663972265056193
1zum,ZINC000569528618,1,-7.069,4,,4.946757928178815,7.041864028792372,9.00843343761833,10.400886164168899,2.690444201242615,3.3680506231349905,3.2800861269180097,3.5614943492865443,4.768005872479604,,19.74654739441809,13.43425092813142
1zum,ZINC000739993077,1,-7.019,1,,7.340188144727631,4.118003156871062,11.172202021087884,6.702716762626933,11.927271691380223,11.048574794967905,8.137027344184117,6.657062790750887,3.334122523243557,,16.828079064468408,14.001627941064573
1zum,ZINC000072075045,1,-6.9,1,,5.531224638359929,7.222538404190031,9.888259047982102,10.559478064753009,2.512497761193034,4.299916743380039,4.278275353457277,4.3715787765977625,6.263672485052197,,20.61368795242617,13.908105298709811
1zum,ZINC000762062199,1,-7.512,2,,5.290500354408826,5.8104180572485475,9.465531469494993,9.33184279764721,3.3936702845149807,5.141028982606502,3.1950253520120944,4.178363555268981,4.526042642309063,,19.501611112931155,13.364996595585046
1zum,ZINC000465004318,1,-7.685,2,,6.771031014550149,10.35471733076282,9.386191986103848,13.006816136164916,3.1424667062675478,3.310365991850452,6.264805902819338,6.073394931996441,8.341348811792974,,20.873858675386305,12.750174626255125
1zum,ZINC000463939874,1,-7.537,2,,6.184127909414556,3.0984880183728314,9.630225179091099,4.1483745009340645,10.379262305192988,9.903564459324736,7.072239602841524,6.3684127535831125,3.1244314682834675,,13.188868450325824,11.602055938496422
1zum,ZINC000512066989,1,-7.229,2,,5.124603984699692,6.972692880085854,8.290689114904742,10.317819343252724,3.2775431347276016,3.61300013838914,4.366426800027686,5.257710338160525,6.172884009925989,,20.520416638070483,12.796777758482794
1zum,ZINC000589054241,1,-7.804,2,,6.2013142155514025,7.8965246786165295,7.811417541010087,11.181919423784091,2.8357986529371275,3.3415524835022428,4.023275034098466,4.521982419249329,5.9617463045654695,,20.35431917308953,12.711182281754912
1zum,ZINC000472028406,1,-7.486,2,,4.6341118890246955,7.001288024356656,8.717060513728239,10.369072764717199,3.4726774972634655,3.5204127598905197,4.673398014293244,4.921474372583894,6.313956841791049,,20.664725621212586,13.221443831896726
1zum,ZINC000463939875,1,-7.319,2,,6.264348170400493,7.245168735095127,8.538866083971572,10.622051308480861,3.4042076904912872,3.6007585311986663,4.6378436799874985,5.271857642235807,6.0644486146722345,,20.635882946944623,13.006937418162662
1zum,ZINC000578377526,1,-7.654,2,,5.061103140620627,7.834928461702757,7.8100891160088555,11.029299433780913,3.2548635916117874,2.906364739670508,5.493628491261494,5.253912161427906,7.546868290887291,,20.414773425144844,12.310642672094742
1zum,ZINC000262743084,1,-7.044,4,,4.034539998562406,5.0245824702158055,6.874187879306185,8.21232762376173,2.716775662435159,3.58786691503461,3.6422329689354007,3.646156058097352,4.847487184098579,,19.00392448943112,11.952480077373066
1zum,ZINC000152028379,1,-6.749,3,,4.852734692933457,6.309670197403343,9.423544662174633,9.736340482953544,3.4602551929012466,3.7958501024144753,3.618508808887994,4.7507272074915035,4.671208301927886,,19.600143086212405,13.460378486506237
1zum,ZINC000622075376,1,-7.057,2,,6.348486512547698,8.500837723424672,8.147513792562739,11.708737506665699,2.974225613500092,3.091780554955343,4.910925065606276,5.446298375961421,6.8501618958970605,,20.314117480215575,12.265576871880096
1zum,ZINC000007032632,1,-6.75,4,,3.318909158142169,3.654567553076556,7.05550636028343,6.836805540601545,3.475035683270034,4.460078586751589,3.3851927566979136,5.113028163427233,4.713478863854174,,17.98495674167719,11.808348614433765
1zum,ZINC000914483383,1,-7.619,2,,7.053237979821748,3.8061636853924172,10.854801978847894,6.569831656899591,11.487118524677978,10.662551148763601,7.834718182551301,6.582188237964636,3.3137839398488196,,16.814363294516983,13.795345628145755
1zum,ZINC001135877236,1,-7.627,8,,3.56323125828229,3.3119474633514345,3.583356806124678,3.4453342363259947,3.333357616578221,3.2260602908191207,2.636826880930938,4.658456504036505,2.863737767324374,,9.944212839636931,4.631819728789111
1zum,ZINC000057511941,1,-7.84,1,,6.082466111701731,7.991751309944517,10.34398574051608,11.264369711617244,2.8354258939355064,4.870644823840063,4.648820388012426,5.068794136675904,6.534362861059982,,20.91313338550682,14.08759333598184
1zum,ZINC000551276110,1,-6.652,2,,3.726418790205955,6.861866291323366,9.191912314638344,10.103503600236897,3.5253103409487254,4.588480467431454,4.248375924985922,4.271821625489535,5.984343656575883,,20.37569976712456,13.530042719814297
1zum,ZINC000439821071,1,-8.078,2,,6.040490211895058,8.038422606457063,9.118581304128398,11.258094243698624,3.0906745218479386,3.458685443922299,4.292592922698353,4.534021945249051,6.072993413465881,,20.569466522007804,13.067821471079252
1zum,ZINC000058357630,1,-7.494,3,,4.220931650714091,6.4155031759013195,9.619724008515005,9.981582289396806,3.1948430321378893,4.02170088395445,3.4826973741627323,3.461089279403235,4.224103928645696,,19.643381633517173,13.8143088498846
1zum,ZINC000002951847,1,-7.737,3,,5.226867226169035,6.698135337539841,8.918713079811457,10.086099791296935,3.1161262811381674,3.252731006400617,3.9668019864873507,4.808386319754269,5.666296850677695,,20.20698399068995,12.685783223750903
1zum,ZINC000031523372,1,-8.26,4,,5.185308573267355,6.364522684380968,8.338543877680326,9.814203024188972,3.467739465415469,3.4137581929597776,3.3976381502449615,3.6046403426694344,4.464394023828987,,19.561626363878847,12.731385038557274
1zum,ZINC000607813184,1,-7.737,2,,6.196484406500183,8.46517778903668,8.009753179717839,11.67608911408268,3.5223916590861943,3.610559374944558,4.652700183764265,4.579512419461275,6.70134986401994,,20.758877281779956,12.899691507939247
1zum,ZINC000429920383,1,-6.915,1,,6.868728339365303,10.008209929852585,9.748802644427672,13.062046470595641,3.4771486882214266,4.213614244327543,5.524135588488029,4.897407579526137,7.634208996353189,,21.665554343242636,14.118602551244221
1zum,ZINC000579618147,1,-7.064,3,,3.8915487919336185,4.723918923944398,7.823202029859643,7.86917365420284,3.507143709630391,4.5482790151880526,3.5205723966423386,4.663942645444954,4.614402994971286,,18.215249353220504,11.912546201379449
1zum,ZINC000428144560,1,-6.861,2,,3.570709873400529,6.956455706751821,9.485205954537838,10.241835089474936,3.5124199635009496,4.501103975693073,4.519086080171526,4.492515776266128,6.185521319985896,,20.56980573559216,13.807693145489582
1zum,ZINC000468511417,1,-8.159,4,,3.9793346177470403,5.523555467269244,8.233575772408978,8.904803366722929,3.306357814877269,3.322613579698971,3.8164609260413034,4.753032400478675,5.264613186170468,,19.374703146112974,12.949241908312624
1zum,ZINC000195681335,1,-6.725,4,,3.804210561995744,4.964620227167429,6.540936171527745,7.499488915919539,3.0387466166167956,3.5859768543592088,3.890231612642102,4.449948539028293,5.4216538067272415,,17.613541864145326,10.761714965561948
1zum,ZINC000465078186,1,-7.192,2,,6.2133650303197205,10.46217969641126,9.24530556552892,12.93598136980724,3.087478744866114,3.198616575959048,7.0003774183968055,7.874077215775825,9.8175409344703,,20.749371532651296,12.62730177037042
1zum,ZINC000004603351,1,-7.645,4,,4.9492954043984865,4.301462541973368,8.54840341818284,7.885754371016136,3.432758074784764,4.987118807487948,3.5158795485624963,3.598918865437232,2.8333473136909983,,18.06622608626384,12.597740511694944
1zum,ZINC000003598059,1,-7.634,6,,3.7291225509494796,3.8163398695608817,6.464352326412911,6.516406525071931,3.3189700209552973,3.4891799896250726,3.3069266698854993,4.658047445013843,3.720405488653084,,16.93927687358584,10.70487715950071
1zum,ZINC001127147536,1,-8.4,1,,5.46788304556709,9.590146505658812,9.101350943678634,12.613802915853727,3.2787895632382433,4.21421760235515,5.588176983596708,4.229436014411379,7.587471976884001,,21.75616687286618,13.70198263026194
1zum,ZINC000914734222,1,-7.773,5,,4.163545844589678,3.3153361820485094,8.014532924631357,6.897044584457895,3.6285305565752135,5.925123289856513,3.7753720346477073,3.6812078180944887,2.209284499560881,,17.27910289916696,12.45865887646018
1zum,ZINC000446654687,1,-7.661,4,,3.494660784682822,3.9070119016967353,6.739363916572541,7.068638058353248,2.860388260359071,3.6082982138398743,4.429031948405882,4.266279878301474,5.171653990746091,,18.08431328527572,11.343689919951089
1zum,ZINC000460634474,1,-7.718,4,,3.4126221589856653,5.214742946684904,7.068511158652863,7.954960590725767,3.432431354011322,3.3354936666106854,3.3209465518132046,5.316232218404315,4.940615852300198,,18.282634082647938,11.427794231609179
1zum,ZINC000499886333,1,-7.692,5,,3.7304790577082736,5.845115311095236,8.536740947223358,9.122284856328484,3.446014219355458,3.244160600216954,3.5346937632558775,3.8192943065440823,5.320893627953861,,19.923338776419982,12.910190587284143
1zum,ZINC000060413403,1,-8.039,2,,6.914409302319319,3.03395533915712,9.50636807618978,4.244503504533828,10.923010299363453,10.02360364340091,7.289658633982803,6.453460622022883,3.181928660419651,,13.738891985891732,11.462333313946168
1zum,ZINC000027685831,1,-6.732,2,,4.603235818421641,6.18239516692357,8.38743429184396,9.577030541874656,3.3533365473808328,3.323612793331972,4.0187423405836835,5.128025058441123,5.522000090546902,,19.933471072545295,13.095722851374028
1zum,ZINC000004741063,1,-7.755,2,,6.8973494909276605,3.2843902021532023,9.651535266474456,4.392008424399928,11.10949080741328,9.88408346787906,7.130798622875285,6.2945209507952224,3.3471220473714376,,13.621934444123564,11.452395469944275
1zum,ZINC000007524502,1,-7.136,4,,4.003890732774798,3.7577986907230616,5.838443114392732,6.103749011877863,3.011010129508037,3.8302964637218286,3.4805002514006547,4.745055637186989,4.311255269640159,,16.310745016706008,9.963250523799944
1zum,ZINC000023457571,1,-9.211,9,,3.3148076867293472,3.423431465649631,3.5843840475038258,3.321080245944086,3.502166329573741,3.103505920729006,1.738841280853426,3.5165126190588323,3.2639059422722343,,9.41186410866625,4.49523603384739
